STATION_NAME,DATE,TMAX,TMIN
CHICAGO NORTHERLY ISLAND IL US,20160101,31,20
CHICAGO NORTHERLY ISLAND IL US,20160102,34,23
CHICAGO NORTHERLY ISLAND IL US,20160103,32,26
CHICAGO NORTHERLY ISLAND IL US,20160104,32,27
CHICAGO NORTHERLY ISLAND IL US,20160105,34,20
CHICAGO NORTHERLY ISLAND IL US,20160106,38,27
CHICAGO NORTHERLY ISLAND IL US,20160107,40,34
CHICAGO NORTHERLY ISLAND IL US,20160108,45,36
CHICAGO NORTHERLY ISLAND IL US,20160109,44,27
CHICAGO NORTHERLY ISLAND IL US,20160110,28,4
CHICAGO NORTHERLY ISLAND IL US,20160111,25,2
CHICAGO NORTHERLY ISLAND IL US,20160112,22,6
CHICAGO NORTHERLY ISLAND IL US,20160113,29,3
CHICAGO NORTHERLY ISLAND IL US,20160114,46,28
CHICAGO NORTHERLY ISLAND IL US,20160115,44,31
CHICAGO NORTHERLY ISLAND IL US,20160116,32,14
CHICAGO NORTHERLY ISLAND IL US,20160117,14,1
CHICAGO NORTHERLY ISLAND IL US,20160118,10,-2
CHICAGO NORTHERLY ISLAND IL US,20160119,19,3
CHICAGO NORTHERLY ISLAND IL US,20160120,25,15
CHICAGO NORTHERLY ISLAND IL US,20160121,28,18
CHICAGO NORTHERLY ISLAND IL US,20160122,31,24
CHICAGO NORTHERLY ISLAND IL US,20160123,33,26
CHICAGO NORTHERLY ISLAND IL US,20160124,36,25
CHICAGO NORTHERLY ISLAND IL US,20160125,43,29
CHICAGO NORTHERLY ISLAND IL US,20160126,39,27
CHICAGO NORTHERLY ISLAND IL US,20160127,34,26
CHICAGO NORTHERLY ISLAND IL US,20160128,40,30
CHICAGO NORTHERLY ISLAND IL US,20160129,37,23
CHICAGO NORTHERLY ISLAND IL US,20160130,49,36
CHICAGO NORTHERLY ISLAND IL US,20160131,49,36
CHICAGO NORTHERLY ISLAND IL US,20160201,42,32
CHICAGO NORTHERLY ISLAND IL US,20160202,39,33
CHICAGO NORTHERLY ISLAND IL US,20160203,39,29
CHICAGO NORTHERLY ISLAND IL US,20160204,33,22
CHICAGO NORTHERLY ISLAND IL US,20160205,34,28
CHICAGO NORTHERLY ISLAND IL US,20160206,42,27
CHICAGO NORTHERLY ISLAND IL US,20160207,45,36
CHICAGO NORTHERLY ISLAND IL US,20160208,36,23
CHICAGO NORTHERLY ISLAND IL US,20160209,23,16
CHICAGO NORTHERLY ISLAND IL US,20160210,19,12
CHICAGO NORTHERLY ISLAND IL US,20160211,22,11
CHICAGO NORTHERLY ISLAND IL US,20160212,24,10
CHICAGO NORTHERLY ISLAND IL US,20160213,19,5
CHICAGO NORTHERLY ISLAND IL US,20160214,19,13
CHICAGO NORTHERLY ISLAND IL US,20160215,29,18
CHICAGO NORTHERLY ISLAND IL US,20160216,32,26
CHICAGO NORTHERLY ISLAND IL US,20160217,32,26
CHICAGO NORTHERLY ISLAND IL US,20160218,40,25
CHICAGO NORTHERLY ISLAND IL US,20160219,63,40
CHICAGO NORTHERLY ISLAND IL US,20160220,58,43
CHICAGO NORTHERLY ISLAND IL US,20160221,44,33
CHICAGO NORTHERLY ISLAND IL US,20160222,39,30
CHICAGO NORTHERLY ISLAND IL US,20160223,39,31
CHICAGO NORTHERLY ISLAND IL US,20160224,36,31
CHICAGO NORTHERLY ISLAND IL US,20160225,35,32
CHICAGO NORTHERLY ISLAND IL US,20160226,34,29
CHICAGO NORTHERLY ISLAND IL US,20160227,55,29
CHICAGO NORTHERLY ISLAND IL US,20160228,63,37
CHICAGO NORTHERLY ISLAND IL US,20160229,52,29
CHICAGO NORTHERLY ISLAND IL US,20160301,32,21
CHICAGO NORTHERLY ISLAND IL US,20160302,35,18
CHICAGO NORTHERLY ISLAND IL US,20160303,32,28
CHICAGO NORTHERLY ISLAND IL US,20160304,36,27
CHICAGO NORTHERLY ISLAND IL US,20160305,38,28
CHICAGO NORTHERLY ISLAND IL US,20160306,52,35
CHICAGO NORTHERLY ISLAND IL US,20160307,61,47
CHICAGO NORTHERLY ISLAND IL US,20160308,70,58
CHICAGO NORTHERLY ISLAND IL US,20160309,64,48
CHICAGO NORTHERLY ISLAND IL US,20160310,48,38
CHICAGO NORTHERLY ISLAND IL US,20160311,44,36
CHICAGO NORTHERLY ISLAND IL US,20160312,46,36
CHICAGO NORTHERLY ISLAND IL US,20160313,45,40
CHICAGO NORTHERLY ISLAND IL US,20160314,46,38
CHICAGO NORTHERLY ISLAND IL US,20160315,50,39
CHICAGO NORTHERLY ISLAND IL US,20160316,57,47
CHICAGO NORTHERLY ISLAND IL US,20160317,56,44
CHICAGO NORTHERLY ISLAND IL US,20160318,46,36
CHICAGO NORTHERLY ISLAND IL US,20160319,41,35
CHICAGO NORTHERLY ISLAND IL US,20160320,41,34
CHICAGO NORTHERLY ISLAND IL US,20160321,47,34
CHICAGO NORTHERLY ISLAND IL US,20160322,66,40
CHICAGO NORTHERLY ISLAND IL US,20160323,43,38
CHICAGO NORTHERLY ISLAND IL US,20160324,42,31
CHICAGO NORTHERLY ISLAND IL US,20160325,39,31
CHICAGO NORTHERLY ISLAND IL US,20160326,44,36
CHICAGO NORTHERLY ISLAND IL US,20160327,66,40
CHICAGO NORTHERLY ISLAND IL US,20160328,46,39
CHICAGO NORTHERLY ISLAND IL US,20160329,47,38
CHICAGO NORTHERLY ISLAND IL US,20160330,61,44
CHICAGO NORTHERLY ISLAND IL US,20160331,68,40
CHICAGO NORTHERLY ISLAND IL US,20160401,49,38
CHICAGO NORTHERLY ISLAND IL US,20160402,41,32
CHICAGO NORTHERLY ISLAND IL US,20160403,72,31
CHICAGO NORTHERLY ISLAND IL US,20160404,38,30
CHICAGO NORTHERLY ISLAND IL US,20160405,44,31
CHICAGO NORTHERLY ISLAND IL US,20160406,50,42
CHICAGO NORTHERLY ISLAND IL US,20160407,43,34
CHICAGO NORTHERLY ISLAND IL US,20160408,41,30
CHICAGO NORTHERLY ISLAND IL US,20160409,34,25
CHICAGO NORTHERLY ISLAND IL US,20160410,51,33
CHICAGO NORTHERLY ISLAND IL US,20160411,51,38
CHICAGO NORTHERLY ISLAND IL US,20160412,41,36
CHICAGO NORTHERLY ISLAND IL US,20160413,47,38
CHICAGO NORTHERLY ISLAND IL US,20160414,51,40
CHICAGO NORTHERLY ISLAND IL US,20160415,54,42
CHICAGO NORTHERLY ISLAND IL US,20160416,60,46
CHICAGO NORTHERLY ISLAND IL US,20160417,64,49
CHICAGO NORTHERLY ISLAND IL US,20160418,65,46
CHICAGO NORTHERLY ISLAND IL US,20160419,51,43
CHICAGO NORTHERLY ISLAND IL US,20160420,65,47
CHICAGO NORTHERLY ISLAND IL US,20160421,63,51
CHICAGO NORTHERLY ISLAND IL US,20160422,58,41
CHICAGO NORTHERLY ISLAND IL US,20160423,50,41
CHICAGO NORTHERLY ISLAND IL US,20160424,70,45
CHICAGO NORTHERLY ISLAND IL US,20160425,82,47
CHICAGO NORTHERLY ISLAND IL US,20160426,47,41
CHICAGO NORTHERLY ISLAND IL US,20160427,49,42
CHICAGO NORTHERLY ISLAND IL US,20160428,46,43
CHICAGO NORTHERLY ISLAND IL US,20160429,46,41
CHICAGO NORTHERLY ISLAND IL US,20160430,46,42
CHICAGO NORTHERLY ISLAND IL US,20160501,47,42
CHICAGO NORTHERLY ISLAND IL US,20160502,51,43
CHICAGO NORTHERLY ISLAND IL US,20160503,65,45
CHICAGO NORTHERLY ISLAND IL US,20160504,59,42
CHICAGO NORTHERLY ISLAND IL US,20160505,51,41
CHICAGO NORTHERLY ISLAND IL US,20160506,82,48
CHICAGO NORTHERLY ISLAND IL US,20160507,72,47
CHICAGO NORTHERLY ISLAND IL US,20160508,63,46
CHICAGO NORTHERLY ISLAND IL US,20160509,53,48
CHICAGO NORTHERLY ISLAND IL US,20160510,58,49
CHICAGO NORTHERLY ISLAND IL US,20160511,58,48
CHICAGO NORTHERLY ISLAND IL US,20160512,69,51
CHICAGO NORTHERLY ISLAND IL US,20160513,66,45
CHICAGO NORTHERLY ISLAND IL US,20160514,47,43
CHICAGO NORTHERLY ISLAND IL US,20160515,54,42
CHICAGO NORTHERLY ISLAND IL US,20160516,68,48
CHICAGO NORTHERLY ISLAND IL US,20160517,58,46
CHICAGO NORTHERLY ISLAND IL US,20160518,55,47
CHICAGO NORTHERLY ISLAND IL US,20160519,60,46
CHICAGO NORTHERLY ISLAND IL US,20160520,60,51
CHICAGO NORTHERLY ISLAND IL US,20160521,68,53
CHICAGO NORTHERLY ISLAND IL US,20160522,71,51
CHICAGO NORTHERLY ISLAND IL US,20160523,69,52
CHICAGO NORTHERLY ISLAND IL US,20160524,87,65
CHICAGO NORTHERLY ISLAND IL US,20160525,79,58
CHICAGO NORTHERLY ISLAND IL US,20160526,83,58
CHICAGO NORTHERLY ISLAND IL US,20160527,80,61
CHICAGO NORTHERLY ISLAND IL US,20160528,81,60
CHICAGO NORTHERLY ISLAND IL US,20160529,79,65
CHICAGO NORTHERLY ISLAND IL US,20160530,78,63
CHICAGO NORTHERLY ISLAND IL US,20160531,74,59
CHICAGO NORTHERLY ISLAND IL US,20160601,75,60
CHICAGO NORTHERLY ISLAND IL US,20160602,78,59
CHICAGO NORTHERLY ISLAND IL US,20160603,71,57
CHICAGO NORTHERLY ISLAND IL US,20160604,74,63
CHICAGO NORTHERLY ISLAND IL US,20160605,79,60
CHICAGO NORTHERLY ISLAND IL US,20160606,81,60
CHICAGO NORTHERLY ISLAND IL US,20160607,64,55
CHICAGO NORTHERLY ISLAND IL US,20160608,64,56
CHICAGO NORTHERLY ISLAND IL US,20160609,70,57
CHICAGO NORTHERLY ISLAND IL US,20160610,92,61
CHICAGO NORTHERLY ISLAND IL US,20160611,91,65
CHICAGO NORTHERLY ISLAND IL US,20160612,82,58
CHICAGO NORTHERLY ISLAND IL US,20160613,74,57
CHICAGO NORTHERLY ISLAND IL US,20160614,74,64
CHICAGO NORTHERLY ISLAND IL US,20160615,88,68
CHICAGO NORTHERLY ISLAND IL US,20160616,81,62
CHICAGO NORTHERLY ISLAND IL US,20160617,73,62
CHICAGO NORTHERLY ISLAND IL US,20160618,77,62
CHICAGO NORTHERLY ISLAND IL US,20160619,89,65
CHICAGO NORTHERLY ISLAND IL US,20160620,92,70
CHICAGO NORTHERLY ISLAND IL US,20160621,77,68
CHICAGO NORTHERLY ISLAND IL US,20160622,77,67
CHICAGO NORTHERLY ISLAND IL US,20160623,72,65
CHICAGO NORTHERLY ISLAND IL US,20160624,76,66
CHICAGO NORTHERLY ISLAND IL US,20160625,89,67
CHICAGO NORTHERLY ISLAND IL US,20160626,84,73
CHICAGO NORTHERLY ISLAND IL US,20160627,89,69
CHICAGO NORTHERLY ISLAND IL US,20160628,70,62
CHICAGO NORTHERLY ISLAND IL US,20160629,73,61
CHICAGO NORTHERLY ISLAND IL US,20160630,79,66
CHICAGO NORTHERLY ISLAND IL US,20160701,71,64
CHICAGO NORTHERLY ISLAND IL US,20160702,74,62
CHICAGO NORTHERLY ISLAND IL US,20160703,73,62
CHICAGO NORTHERLY ISLAND IL US,20160704,75,65
CHICAGO NORTHERLY ISLAND IL US,20160705,88,70
CHICAGO NORTHERLY ISLAND IL US,20160706,87,68
CHICAGO NORTHERLY ISLAND IL US,20160707,82,70
CHICAGO NORTHERLY ISLAND IL US,20160708,87,69
CHICAGO NORTHERLY ISLAND IL US,20160712,89,
CHICAGO NORTHERLY ISLAND IL US,20160713,86,70
CHICAGO NORTHERLY ISLAND IL US,20160714,87,69
CHICAGO NORTHERLY ISLAND IL US,20160715,75,65
CHICAGO NORTHERLY ISLAND IL US,20160716,73,63
CHICAGO NORTHERLY ISLAND IL US,20160717,84,66
CHICAGO NORTHERLY ISLAND IL US,20160718,80,70
CHICAGO NORTHERLY ISLAND IL US,20160719,80,70
CHICAGO NORTHERLY ISLAND IL US,20160720,87,70
CHICAGO NORTHERLY ISLAND IL US,20160721,90,69
CHICAGO NORTHERLY ISLAND IL US,20160722,88,69
CHICAGO NORTHERLY ISLAND IL US,20160723,84,69
CHICAGO NORTHERLY ISLAND IL US,20160724,91,67
CHICAGO NORTHERLY ISLAND IL US,20160725,80,67
CHICAGO NORTHERLY ISLAND IL US,20160726,80,70
CHICAGO NORTHERLY ISLAND IL US,20160727,83,70
CHICAGO NORTHERLY ISLAND IL US,20160728,80,70
CHICAGO NORTHERLY ISLAND IL US,20160729,78,70
CHICAGO NORTHERLY ISLAND IL US,20160730,76,68
CHICAGO NORTHERLY ISLAND IL US,20160731,77,69
CHICAGO NORTHERLY ISLAND IL US,20160801,78,71
CHICAGO NORTHERLY ISLAND IL US,20160802,80,72
CHICAGO NORTHERLY ISLAND IL US,20160803,82,72
CHICAGO NORTHERLY ISLAND IL US,20160804,87,73
CHICAGO NORTHERLY ISLAND IL US,20160805,82,73
CHICAGO NORTHERLY ISLAND IL US,20160806,79,71
CHICAGO NORTHERLY ISLAND IL US,20160807,78,69
CHICAGO NORTHERLY ISLAND IL US,20160808,79,73
CHICAGO NORTHERLY ISLAND IL US,20160809,82,70
CHICAGO NORTHERLY ISLAND IL US,20160810,84,74
CHICAGO NORTHERLY ISLAND IL US,20160811,92,70
CHICAGO NORTHERLY ISLAND IL US,20160812,84,72
CHICAGO NORTHERLY ISLAND IL US,20160813,84,73
CHICAGO NORTHERLY ISLAND IL US,20160814,80,71
CHICAGO NORTHERLY ISLAND IL US,20160815,75,70
CHICAGO NORTHERLY ISLAND IL US,20160816,79,70
CHICAGO NORTHERLY ISLAND IL US,20160817,87,71
CHICAGO NORTHERLY ISLAND IL US,20160818,85,70
CHICAGO NORTHERLY ISLAND IL US,20160819,83,68
CHICAGO NORTHERLY ISLAND IL US,20160820,81,66
CHICAGO NORTHERLY ISLAND IL US,20160821,76,62
CHICAGO NORTHERLY ISLAND IL US,20160822,78,61
CHICAGO NORTHERLY ISLAND IL US,20160823,80,66
CHICAGO NORTHERLY ISLAND IL US,20160824,85,71
CHICAGO NORTHERLY ISLAND IL US,20160825,77,70
CHICAGO NORTHERLY ISLAND IL US,20160826,76,66
CHICAGO NORTHERLY ISLAND IL US,20160827,85,69
CHICAGO NORTHERLY ISLAND IL US,20160828,78,71
CHICAGO NORTHERLY ISLAND IL US,20160829,80,71
CHICAGO NORTHERLY ISLAND IL US,20160830,85,72
CHICAGO NORTHERLY ISLAND IL US,20160831,75,69
CHICAGO NORTHERLY ISLAND IL US,20160901,73,63
CHICAGO NORTHERLY ISLAND IL US,20160902,72,65
CHICAGO NORTHERLY ISLAND IL US,20160903,72,63
CHICAGO NORTHERLY ISLAND IL US,20160904,78,63
CHICAGO NORTHERLY ISLAND IL US,20160905,88,68
CHICAGO NORTHERLY ISLAND IL US,20160906,91,76
CHICAGO NORTHERLY ISLAND IL US,20160907,92,76
CHICAGO NORTHERLY ISLAND IL US,20160908,82,72
CHICAGO NORTHERLY ISLAND IL US,20160909,81,69
CHICAGO NORTHERLY ISLAND IL US,20160910,73,64
CHICAGO NORTHERLY ISLAND IL US,20160911,76,61
CHICAGO NORTHERLY ISLAND IL US,20160912,80,63
CHICAGO NORTHERLY ISLAND IL US,20160913,85,66
CHICAGO NORTHERLY ISLAND IL US,20160914,72,65
CHICAGO NORTHERLY ISLAND IL US,20160915,73,66
CHICAGO NORTHERLY ISLAND IL US,20160916,82,65
CHICAGO NORTHERLY ISLAND IL US,20160917,82,68
CHICAGO NORTHERLY ISLAND IL US,20160918,73,64
CHICAGO NORTHERLY ISLAND IL US,20160919,87,66
CHICAGO NORTHERLY ISLAND IL US,20160920,77,67
CHICAGO NORTHERLY ISLAND IL US,20160921,83,66
CHICAGO NORTHERLY ISLAND IL US,20160922,84,67
CHICAGO NORTHERLY ISLAND IL US,20160923,73,68
CHICAGO NORTHERLY ISLAND IL US,20160924,72,66
CHICAGO NORTHERLY ISLAND IL US,20160925,84,64
CHICAGO NORTHERLY ISLAND IL US,20160926,70,59
CHICAGO NORTHERLY ISLAND IL US,20160927,70,55
CHICAGO NORTHERLY ISLAND IL US,20160928,63,51
CHICAGO NORTHERLY ISLAND IL US,20160929,65,60
CHICAGO NORTHERLY ISLAND IL US,20160930,63,60
CHICAGO NORTHERLY ISLAND IL US,20161001,64,58
CHICAGO NORTHERLY ISLAND IL US,20161002,66,58
CHICAGO NORTHERLY ISLAND IL US,20161003,65,60
CHICAGO NORTHERLY ISLAND IL US,20161004,69,61
CHICAGO NORTHERLY ISLAND IL US,20161005,81,62
CHICAGO NORTHERLY ISLAND IL US,20161006,72,62
CHICAGO NORTHERLY ISLAND IL US,20161007,72,53
CHICAGO NORTHERLY ISLAND IL US,20161008,59,47
CHICAGO NORTHERLY ISLAND IL US,20161009,61,51
CHICAGO NORTHERLY ISLAND IL US,20161010,65,51
CHICAGO NORTHERLY ISLAND IL US,20161011,74,59
CHICAGO NORTHERLY ISLAND IL US,20161012,68,47
CHICAGO NORTHERLY ISLAND IL US,20161013,54,44
CHICAGO NORTHERLY ISLAND IL US,20161014,68,46
CHICAGO NORTHERLY ISLAND IL US,20161015,71,55
CHICAGO NORTHERLY ISLAND IL US,20161016,70,62
CHICAGO NORTHERLY ISLAND IL US,20161017,83,68
CHICAGO NORTHERLY ISLAND IL US,20161018,76,60
CHICAGO NORTHERLY ISLAND IL US,20161019,68,57
CHICAGO NORTHERLY ISLAND IL US,20161020,59,49
CHICAGO NORTHERLY ISLAND IL US,20161021,53,46
CHICAGO NORTHERLY ISLAND IL US,20161022,61,44
CHICAGO NORTHERLY ISLAND IL US,20161023,73,49
CHICAGO NORTHERLY ISLAND IL US,20161024,55,49
CHICAGO NORTHERLY ISLAND IL US,20161025,54,47
CHICAGO NORTHERLY ISLAND IL US,20161026,52,47
CHICAGO NORTHERLY ISLAND IL US,20161027,51,46
CHICAGO NORTHERLY ISLAND IL US,20161028,65,44
CHICAGO NORTHERLY ISLAND IL US,20161029,71,56
CHICAGO NORTHERLY ISLAND IL US,20161030,56,48
CHICAGO NORTHERLY ISLAND IL US,20161031,62,45
CHICAGO NORTHERLY ISLAND IL US,20161101,76,61
CHICAGO NORTHERLY ISLAND IL US,20161102,66,55
CHICAGO NORTHERLY ISLAND IL US,20161103,57,51
CHICAGO NORTHERLY ISLAND IL US,20161104,57,50
CHICAGO NORTHERLY ISLAND IL US,20161105,68,50
CHICAGO NORTHERLY ISLAND IL US,20161106,68,51
CHICAGO NORTHERLY ISLAND IL US,20161107,68,52
CHICAGO NORTHERLY ISLAND IL US,20161108,63,51
CHICAGO NORTHERLY ISLAND IL US,20161109,56,47
CHICAGO NORTHERLY ISLAND IL US,20161110,64,45
CHICAGO NORTHERLY ISLAND IL US,20161111,58,46
CHICAGO NORTHERLY ISLAND IL US,20161112,53,40
CHICAGO NORTHERLY ISLAND IL US,20161113,57,38
CHICAGO NORTHERLY ISLAND IL US,20161114,60,42
CHICAGO NORTHERLY ISLAND IL US,20161115,53,46
CHICAGO NORTHERLY ISLAND IL US,20161116,55,45
CHICAGO NORTHERLY ISLAND IL US,20161117,73,49
CHICAGO NORTHERLY ISLAND IL US,20161118,66,41
CHICAGO NORTHERLY ISLAND IL US,20161119,41,31
CHICAGO NORTHERLY ISLAND IL US,20161120,36,27
CHICAGO NORTHERLY ISLAND IL US,20161121,40,30
CHICAGO NORTHERLY ISLAND IL US,20161122,41,34
CHICAGO NORTHERLY ISLAND IL US,20161123,45,38
CHICAGO NORTHERLY ISLAND IL US,20161124,45,36
CHICAGO NORTHERLY ISLAND IL US,20161125,42,36
CHICAGO NORTHERLY ISLAND IL US,20161126,46,36
CHICAGO NORTHERLY ISLAND IL US,20161127,44,36
CHICAGO NORTHERLY ISLAND IL US,20161128,53,42
CHICAGO NORTHERLY ISLAND IL US,20161129,58,46
CHICAGO NORTHERLY ISLAND IL US,20161130,47,37
CHICAGO NORTHERLY ISLAND IL US,20161201,41,37
CHICAGO NORTHERLY ISLAND IL US,20161202,41,35
CHICAGO NORTHERLY ISLAND IL US,20161203,36,32
CHICAGO NORTHERLY ISLAND IL US,20161204,36,32
CHICAGO NORTHERLY ISLAND IL US,20161205,37,32
CHICAGO NORTHERLY ISLAND IL US,20161206,43,28
CHICAGO NORTHERLY ISLAND IL US,20161207,32,23
CHICAGO NORTHERLY ISLAND IL US,20161208,25,18
CHICAGO NORTHERLY ISLAND IL US,20161209,27,21
CHICAGO NORTHERLY ISLAND IL US,20161210,25,20
CHICAGO NORTHERLY ISLAND IL US,20161211,34,24
CHICAGO NORTHERLY ISLAND IL US,20161212,34,17
CHICAGO NORTHERLY ISLAND IL US,20161213,24,9
CHICAGO NORTHERLY ISLAND IL US,20161214,22,6
CHICAGO NORTHERLY ISLAND IL US,20161215,13,2
CHICAGO NORTHERLY ISLAND IL US,20161216,22,10
CHICAGO NORTHERLY ISLAND IL US,20161217,26,20
CHICAGO NORTHERLY ISLAND IL US,20161218,21,-2
CHICAGO NORTHERLY ISLAND IL US,20161219,16,-4
CHICAGO NORTHERLY ISLAND IL US,20161220,30,16
CHICAGO NORTHERLY ISLAND IL US,20161222,41,29
CHICAGO NORTHERLY ISLAND IL US,20161223,37,30
CHICAGO NORTHERLY ISLAND IL US,20161224,37,33
CHICAGO NORTHERLY ISLAND IL US,20161225,37,32
CHICAGO NORTHERLY ISLAND IL US,20161226,55,30
CHICAGO NORTHERLY ISLAND IL US,20161227,31,26
CHICAGO NORTHERLY ISLAND IL US,20161228,44,26
CHICAGO NORTHERLY ISLAND IL US,20161229,36,31
CHICAGO NORTHERLY ISLAND IL US,20161230,37,26
CHICAGO NORTHERLY ISLAND IL US,20161231,41,28
WAIKIKI 717.2 HI US,20160101,85,62
WAIKIKI 717.2 HI US,20160102,83,62
WAIKIKI 717.2 HI US,20160103,83,62
WAIKIKI 717.2 HI US,20160104,83,61
WAIKIKI 717.2 HI US,20160105,81,62
WAIKIKI 717.2 HI US,20160106,81,68
WAIKIKI 717.2 HI US,20160107,82,65
WAIKIKI 717.2 HI US,20160108,83,64
WAIKIKI 717.2 HI US,20160109,82,67
WAIKIKI 717.2 HI US,20160110,83,65
WAIKIKI 717.2 HI US,20160111,83,66
WAIKIKI 717.2 HI US,20160112,83,63
WAIKIKI 717.2 HI US,20160113,83,63
WAIKIKI 717.2 HI US,20160114,83,63
WAIKIKI 717.2 HI US,20160115,83,64
WAIKIKI 717.2 HI US,20160116,84,64
WAIKIKI 717.2 HI US,20160117,84,63
WAIKIKI 717.2 HI US,20160118,84,63
WAIKIKI 717.2 HI US,20160119,83,62
WAIKIKI 717.2 HI US,20160120,83,63
WAIKIKI 717.2 HI US,20160121,80,63
WAIKIKI 717.2 HI US,20160122,82,65
WAIKIKI 717.2 HI US,20160123,84,67
WAIKIKI 717.2 HI US,20160124,84,67
WAIKIKI 717.2 HI US,20160125,84,66
WAIKIKI 717.2 HI US,20160126,84,66
WAIKIKI 717.2 HI US,20160127,83,68
WAIKIKI 717.2 HI US,20160128,84,64
WAIKIKI 717.2 HI US,20160129,84,65
WAIKIKI 717.2 HI US,20160130,85,64
WAIKIKI 717.2 HI US,20160131,85,65
WAIKIKI 717.2 HI US,20160201,85,65
WAIKIKI 717.2 HI US,20160202,85,65
WAIKIKI 717.2 HI US,20160203,85,65
WAIKIKI 717.2 HI US,20160204,85,65
WAIKIKI 717.2 HI US,20160205,85,66
WAIKIKI 717.2 HI US,20160206,85,69
WAIKIKI 717.2 HI US,20160207,85,66
WAIKIKI 717.2 HI US,20160208,85,63
WAIKIKI 717.2 HI US,20160209,84,65
WAIKIKI 717.2 HI US,20160210,82,58
WAIKIKI 717.2 HI US,20160211,84,59
WAIKIKI 717.2 HI US,20160212,84,62
WAIKIKI 717.2 HI US,20160213,84,68
WAIKIKI 717.2 HI US,20160214,87,68
WAIKIKI 717.2 HI US,20160215,87,68
WAIKIKI 717.2 HI US,20160216,84,71
WAIKIKI 717.2 HI US,20160217,82,68
WAIKIKI 717.2 HI US,20160218,82,68
WAIKIKI 717.2 HI US,20160219,83,66
WAIKIKI 717.2 HI US,20160220,82,63
WAIKIKI 717.2 HI US,20160221,83,66
WAIKIKI 717.2 HI US,20160222,83,62
WAIKIKI 717.2 HI US,20160223,83,62
WAIKIKI 717.2 HI US,20160224,83,64
WAIKIKI 717.2 HI US,20160225,83,63
WAIKIKI 717.2 HI US,20160226,82,66
WAIKIKI 717.2 HI US,20160227,85,66
WAIKIKI 717.2 HI US,20160228,85,66
WAIKIKI 717.2 HI US,20160229,85,68
WAIKIKI 717.2 HI US,20160301,85,71
WAIKIKI 717.2 HI US,20160302,84,67
WAIKIKI 717.2 HI US,20160303,80,65
WAIKIKI 717.2 HI US,20160304,83,64
WAIKIKI 717.2 HI US,20160305,84,61
WAIKIKI 717.2 HI US,20160306,85,65
WAIKIKI 717.2 HI US,20160307,85,67
WAIKIKI 717.2 HI US,20160308,85,69
WAIKIKI 717.2 HI US,20160309,87,66
WAIKIKI 717.2 HI US,20160310,87,66
WAIKIKI 717.2 HI US,20160311,87,66
WAIKIKI 717.2 HI US,20160312,81,70
WAIKIKI 717.2 HI US,20160313,83,72
WAIKIKI 717.2 HI US,20160314,83,72
WAIKIKI 717.2 HI US,20160315,86,64
WAIKIKI 717.2 HI US,20160316,84,66
WAIKIKI 717.2 HI US,20160317,80,66
WAIKIKI 717.2 HI US,20160318,80,67
WAIKIKI 717.2 HI US,20160319,80,68
WAIKIKI 717.2 HI US,20160320,82,68
WAIKIKI 717.2 HI US,20160321,84,70
WAIKIKI 717.2 HI US,20160322,84,68
WAIKIKI 717.2 HI US,20160323,82,66
WAIKIKI 717.2 HI US,20160324,85,66
WAIKIKI 717.2 HI US,20160325,85,68
WAIKIKI 717.2 HI US,20160326,77,64
WAIKIKI 717.2 HI US,20160327,86,65
WAIKIKI 717.2 HI US,20160328,85,67
WAIKIKI 717.2 HI US,20160329,87,70
WAIKIKI 717.2 HI US,20160330,85,64
WAIKIKI 717.2 HI US,20160331,85,66
WAIKIKI 717.2 HI US,20160401,85,67
WAIKIKI 717.2 HI US,20160402,86,68
WAIKIKI 717.2 HI US,20160403,87,69
WAIKIKI 717.2 HI US,20160404,86,71
WAIKIKI 717.2 HI US,20160405,87,70
WAIKIKI 717.2 HI US,20160406,88,69
WAIKIKI 717.2 HI US,20160407,80,70
WAIKIKI 717.2 HI US,20160408,82,73
WAIKIKI 717.2 HI US,20160409,85,72
WAIKIKI 717.2 HI US,20160410,86,72
WAIKIKI 717.2 HI US,20160411,87,72
WAIKIKI 717.2 HI US,20160412,85,74
WAIKIKI 717.2 HI US,20160413,85,73
WAIKIKI 717.2 HI US,20160414,85,73
WAIKIKI 717.2 HI US,20160415,86,74
WAIKIKI 717.2 HI US,20160416,88,73
WAIKIKI 717.2 HI US,20160417,87,69
WAIKIKI 717.2 HI US,20160418,81,69
WAIKIKI 717.2 HI US,20160419,82,68
WAIKIKI 717.2 HI US,20160420,84,72
WAIKIKI 717.2 HI US,20160421,84,72
WAIKIKI 717.2 HI US,20160422,83,73
WAIKIKI 717.2 HI US,20160423,85,72
WAIKIKI 717.2 HI US,20160424,85,75
WAIKIKI 717.2 HI US,20160425,86,75
WAIKIKI 717.2 HI US,20160426,87,74
WAIKIKI 717.2 HI US,20160427,87,74
WAIKIKI 717.2 HI US,20160428,87,74
WAIKIKI 717.2 HI US,20160429,87,74
WAIKIKI 717.2 HI US,20160430,87,74
WAIKIKI 717.2 HI US,20160501,87,74
WAIKIKI 717.2 HI US,20160502,86,74
WAIKIKI 717.2 HI US,20160503,86,74
WAIKIKI 717.2 HI US,20160504,84,73
WAIKIKI 717.2 HI US,20160505,86,72
WAIKIKI 717.2 HI US,20160506,87,72
WAIKIKI 717.2 HI US,20160507,88,71
WAIKIKI 717.2 HI US,20160508,83,71
WAIKIKI 717.2 HI US,20160509,83,71
WAIKIKI 717.2 HI US,20160510,85,71
WAIKIKI 717.2 HI US,20160511,86,72
WAIKIKI 717.2 HI US,20160512,85,69
WAIKIKI 717.2 HI US,20160513,84,71
WAIKIKI 717.2 HI US,20160514,86,71
WAIKIKI 717.2 HI US,20160515,87,72
WAIKIKI 717.2 HI US,20160516,87,75
WAIKIKI 717.2 HI US,20160517,87,75
WAIKIKI 717.2 HI US,20160518,87,75
WAIKIKI 717.2 HI US,20160519,89,74
WAIKIKI 717.2 HI US,20160520,89,74
WAIKIKI 717.2 HI US,20160521,87,74
WAIKIKI 717.2 HI US,20160522,87,75
WAIKIKI 717.2 HI US,20160523,86,75
WAIKIKI 717.2 HI US,20160524,88,72
WAIKIKI 717.2 HI US,20160525,88,72
WAIKIKI 717.2 HI US,20160526,88,72
WAIKIKI 717.2 HI US,20160527,88,72
WAIKIKI 717.2 HI US,20160528,89,72
WAIKIKI 717.2 HI US,20160529,84,68
WAIKIKI 717.2 HI US,20160530,85,68
WAIKIKI 717.2 HI US,20160531,85,68
WAIKIKI 717.2 HI US,20160601,85,68
WAIKIKI 717.2 HI US,20160602,82,68
WAIKIKI 717.2 HI US,20160603,85,69
WAIKIKI 717.2 HI US,20160604,87,67
WAIKIKI 717.2 HI US,20160605,84,72
WAIKIKI 717.2 HI US,20160606,88,74
WAIKIKI 717.2 HI US,20160607,87,74
WAIKIKI 717.2 HI US,20160608,85,73
WAIKIKI 717.2 HI US,20160609,86,72
WAIKIKI 717.2 HI US,20160610,86,72
WAIKIKI 717.2 HI US,20160611,86,75
WAIKIKI 717.2 HI US,20160612,87,73
WAIKIKI 717.2 HI US,20160613,88,73
WAIKIKI 717.2 HI US,20160614,88,73
WAIKIKI 717.2 HI US,20160615,86,75
WAIKIKI 717.2 HI US,20160616,86,75
WAIKIKI 717.2 HI US,20160617,87,74
WAIKIKI 717.2 HI US,20160618,85,73
WAIKIKI 717.2 HI US,20160619,86,75
WAIKIKI 717.2 HI US,20160620,87,73
WAIKIKI 717.2 HI US,20160621,87,73
WAIKIKI 717.2 HI US,20160622,88,75
WAIKIKI 717.2 HI US,20160623,88,74
WAIKIKI 717.2 HI US,20160624,87,74
WAIKIKI 717.2 HI US,20160625,86,74
WAIKIKI 717.2 HI US,20160626,87,75
WAIKIKI 717.2 HI US,20160627,86,76
WAIKIKI 717.2 HI US,20160628,88,75
WAIKIKI 717.2 HI US,20160629,89,76
WAIKIKI 717.2 HI US,20160630,89,77
WAIKIKI 717.2 HI US,20160701,89,76
WAIKIKI 717.2 HI US,20160702,87,77
WAIKIKI 717.2 HI US,20160703,87,77
WAIKIKI 717.2 HI US,20160704,86,76
WAIKIKI 717.2 HI US,20160705,89,76
WAIKIKI 717.2 HI US,20160706,86,75
WAIKIKI 717.2 HI US,20160707,88,74
WAIKIKI 717.2 HI US,20160708,88,75
WAIKIKI 717.2 HI US,20160709,87,76
WAIKIKI 717.2 HI US,20160710,87,75
WAIKIKI 717.2 HI US,20160711,88,70
WAIKIKI 717.2 HI US,20160712,90,72
WAIKIKI 717.2 HI US,20160713,90,72
WAIKIKI 717.2 HI US,20160714,88,75
WAIKIKI 717.2 HI US,20160715,90,75
WAIKIKI 717.2 HI US,20160716,88,74
WAIKIKI 717.2 HI US,20160717,88,74
WAIKIKI 717.2 HI US,20160718,86,72
WAIKIKI 717.2 HI US,20160719,85,75
WAIKIKI 717.2 HI US,20160720,88,77
WAIKIKI 717.2 HI US,20160721,90,76
WAIKIKI 717.2 HI US,20160722,87,76
WAIKIKI 717.2 HI US,20160723,86,75
WAIKIKI 717.2 HI US,20160724,87,75
WAIKIKI 717.2 HI US,20160725,82,76
WAIKIKI 717.2 HI US,20160726,87,76
WAIKIKI 717.2 HI US,20160727,88,76
WAIKIKI 717.2 HI US,20160728,88,77
WAIKIKI 717.2 HI US,20160729,88,77
WAIKIKI 717.2 HI US,20160730,87,74
WAIKIKI 717.2 HI US,20160731,88,72
WAIKIKI 717.2 HI US,20160801,85,75
WAIKIKI 717.2 HI US,20160802,87,75
WAIKIKI 717.2 HI US,20160803,87,75
WAIKIKI 717.2 HI US,20160804,88,75
WAIKIKI 717.2 HI US,20160805,88,75
WAIKIKI 717.2 HI US,20160806,87,77
WAIKIKI 717.2 HI US,20160807,87,76
WAIKIKI 717.2 HI US,20160808,87,76
WAIKIKI 717.2 HI US,20160809,90,76
WAIKIKI 717.2 HI US,20160810,89,78
WAIKIKI 717.2 HI US,20160811,88,78
WAIKIKI 717.2 HI US,20160812,88,76
WAIKIKI 717.2 HI US,20160813,87,77
WAIKIKI 717.2 HI US,20160814,88,76
WAIKIKI 717.2 HI US,20160815,88,76
WAIKIKI 717.2 HI US,20160816,88,77
WAIKIKI 717.2 HI US,20160817,88,74
WAIKIKI 717.2 HI US,20160818,89,77
WAIKIKI 717.2 HI US,20160819,89,75
WAIKIKI 717.2 HI US,20160820,88,77
WAIKIKI 717.2 HI US,20160821,89,73
WAIKIKI 717.2 HI US,20160822,87,75
WAIKIKI 717.2 HI US,20160823,87,77
WAIKIKI 717.2 HI US,20160824,85,77
WAIKIKI 717.2 HI US,20160825,87,76
WAIKIKI 717.2 HI US,20160826,88,77
WAIKIKI 717.2 HI US,20160827,87,74
WAIKIKI 717.2 HI US,20160828,87,74
WAIKIKI 717.2 HI US,20160829,87,74
WAIKIKI 717.2 HI US,20160830,87,74
WAIKIKI 717.2 HI US,20160831,87,74
WAIKIKI 717.2 HI US,20160901,87,79
WAIKIKI 717.2 HI US,20160902,89,78
WAIKIKI 717.2 HI US,20160903,88,77
WAIKIKI 717.2 HI US,20160904,86,74
WAIKIKI 717.2 HI US,20160905,86,75
WAIKIKI 717.2 HI US,20160906,88,74
WAIKIKI 717.2 HI US,20160907,88,69
WAIKIKI 717.2 HI US,20160908,86,76
WAIKIKI 717.2 HI US,20160909,88,74
WAIKIKI 717.2 HI US,20160910,88,73
WAIKIKI 717.2 HI US,20160911,88,71
WAIKIKI 717.2 HI US,20160912,89,71
WAIKIKI 717.2 HI US,20160913,84,75
WAIKIKI 717.2 HI US,20160914,87,74
WAIKIKI 717.2 HI US,20160915,83,74
WAIKIKI 717.2 HI US,20160916,87,77
WAIKIKI 717.2 HI US,20160917,88,77
WAIKIKI 717.2 HI US,20160918,86,78
WAIKIKI 717.2 HI US,20160919,87,75
WAIKIKI 717.2 HI US,20160920,84,74
WAIKIKI 717.2 HI US,20160921,86,73
WAIKIKI 717.2 HI US,20160922,86,75
WAIKIKI 717.2 HI US,20160923,88,75
WAIKIKI 717.2 HI US,20160924,88,78
WAIKIKI 717.2 HI US,20160925,87,76
WAIKIKI 717.2 HI US,20160926,88,74
WAIKIKI 717.2 HI US,20160927,87,77
WAIKIKI 717.2 HI US,20160928,85,76
WAIKIKI 717.2 HI US,20160929,87,75
WAIKIKI 717.2 HI US,20160930,87,77
WAIKIKI 717.2 HI US,20161001,87,76
WAIKIKI 717.2 HI US,20161002,87,77
WAIKIKI 717.2 HI US,20161003,85,76
WAIKIKI 717.2 HI US,20161004,85,76
WAIKIKI 717.2 HI US,20161005,87,77
WAIKIKI 717.2 HI US,20161006,88,77
WAIKIKI 717.2 HI US,20161007,88,75
WAIKIKI 717.2 HI US,20161008,88,72
WAIKIKI 717.2 HI US,20161009,88,70
WAIKIKI 717.2 HI US,20161010,87,69
WAIKIKI 717.2 HI US,20161011,87,69
WAIKIKI 717.2 HI US,20161012,86,77
WAIKIKI 717.2 HI US,20161013,86,77
WAIKIKI 717.2 HI US,20161014,87,77
WAIKIKI 717.2 HI US,20161015,87,77
WAIKIKI 717.2 HI US,20161016,86,73
WAIKIKI 717.2 HI US,20161017,87,73
WAIKIKI 717.2 HI US,20161018,87,77
WAIKIKI 717.2 HI US,20161019,88,77
WAIKIKI 717.2 HI US,20161020,86,76
WAIKIKI 717.2 HI US,20161021,86,77
WAIKIKI 717.2 HI US,20161022,85,75
WAIKIKI 717.2 HI US,20161023,85,75
WAIKIKI 717.2 HI US,20161024,86,68
WAIKIKI 717.2 HI US,20161025,84,72
WAIKIKI 717.2 HI US,20161026,86,72
WAIKIKI 717.2 HI US,20161027,86,72
WAIKIKI 717.2 HI US,20161028,86,72
WAIKIKI 717.2 HI US,20161029,84,74
WAIKIKI 717.2 HI US,20161030,81,73
WAIKIKI 717.2 HI US,20161031,84,72
WAIKIKI 717.2 HI US,20161101,85,75
WAIKIKI 717.2 HI US,20161102,83,71
WAIKIKI 717.2 HI US,20161103,84,71
WAIKIKI 717.2 HI US,20161104,85,75
WAIKIKI 717.2 HI US,20161105,85,75
WAIKIKI 717.2 HI US,20161106,80,72
WAIKIKI 717.2 HI US,20161107,86,66
WAIKIKI 717.2 HI US,20161108,80,68
WAIKIKI 717.2 HI US,20161109,85,68
WAIKIKI 717.2 HI US,20161110,87,67
WAIKIKI 717.2 HI US,20161111,86,68
WAIKIKI 717.2 HI US,20161112,86,68
WAIKIKI 717.2 HI US,20161113,86,68
WAIKIKI 717.2 HI US,20161114,86,72
WAIKIKI 717.2 HI US,20161115,84,75
WAIKIKI 717.2 HI US,20161116,87,70
WAIKIKI 717.2 HI US,20161117,87,70
WAIKIKI 717.2 HI US,20161118,84,75
WAIKIKI 717.2 HI US,20161119,85,71
WAIKIKI 717.2 HI US,20161120,80,73
WAIKIKI 717.2 HI US,20161121,83,75
WAIKIKI 717.2 HI US,20161122,79,73
WAIKIKI 717.2 HI US,20161123,82,72
WAIKIKI 717.2 HI US,20161124,82,72
WAIKIKI 717.2 HI US,20161125,82,72
WAIKIKI 717.2 HI US,20161126,81,66
WAIKIKI 717.2 HI US,20161127,83,73
WAIKIKI 717.2 HI US,20161128,83,66
WAIKIKI 717.2 HI US,20161129,83,66
WAIKIKI 717.2 HI US,20161130,80,65
WAIKIKI 717.2 HI US,20161201,80,72
WAIKIKI 717.2 HI US,20161202,81,71
WAIKIKI 717.2 HI US,20161203,84,69
WAIKIKI 717.2 HI US,20161204,85,67
WAIKIKI 717.2 HI US,20161205,79,67
WAIKIKI 717.2 HI US,20161206,83,66
WAIKIKI 717.2 HI US,20161207,85,67
WAIKIKI 717.2 HI US,20161208,85,69
WAIKIKI 717.2 HI US,20161209,76,69
WAIKIKI 717.2 HI US,20161210,80,69
WAIKIKI 717.2 HI US,20161211,78,68
WAIKIKI 717.2 HI US,20161212,83,65
WAIKIKI 717.2 HI US,20161213,83,63
WAIKIKI 717.2 HI US,20161214,81,66
WAIKIKI 717.2 HI US,20161215,82,63
WAIKIKI 717.2 HI US,20161216,82,60
WAIKIKI 717.2 HI US,20161217,79,62
WAIKIKI 717.2 HI US,20161218,81,67
WAIKIKI 717.2 HI US,20161219,79,68
WAIKIKI 717.2 HI US,20161220,85,69
WAIKIKI 717.2 HI US,20161221,83,72
WAIKIKI 717.2 HI US,20161222,82,70
WAIKIKI 717.2 HI US,20161223,82,66
WAIKIKI 717.2 HI US,20161224,83,72
WAIKIKI 717.2 HI US,20161225,83,73
WAIKIKI 717.2 HI US,20161226,83,72
WAIKIKI 717.2 HI US,20161227,81,73
WAIKIKI 717.2 HI US,20161228,82,70
WAIKIKI 717.2 HI US,20161229,82,70
WAIKIKI 717.2 HI US,20161230,80,67
WAIKIKI 717.2 HI US,20161231,73,65
SEATTLE BOEING FIELD WA US,20160101,45,23
SEATTLE BOEING FIELD WA US,20160102,44,22
SEATTLE BOEING FIELD WA US,20160103,41,27
SEATTLE BOEING FIELD WA US,20160104,40,37
SEATTLE BOEING FIELD WA US,20160105,44,38
SEATTLE BOEING FIELD WA US,20160106,51,35
SEATTLE BOEING FIELD WA US,20160107,45,31
SEATTLE BOEING FIELD WA US,20160108,48,30
SEATTLE BOEING FIELD WA US,20160109,50,29
SEATTLE BOEING FIELD WA US,20160110,52,31
SEATTLE BOEING FIELD WA US,20160111,45,37
SEATTLE BOEING FIELD WA US,20160112,49,36
SEATTLE BOEING FIELD WA US,20160113,55,41
SEATTLE BOEING FIELD WA US,20160114,49,35
SEATTLE BOEING FIELD WA US,20160115,48,30
SEATTLE BOEING FIELD WA US,20160116,54,43
SEATTLE BOEING FIELD WA US,20160117,50,42
SEATTLE BOEING FIELD WA US,20160118,54,40
SEATTLE BOEING FIELD WA US,20160119,48,40
SEATTLE BOEING FIELD WA US,20160120,52,39
SEATTLE BOEING FIELD WA US,20160121,52,45
SEATTLE BOEING FIELD WA US,20160122,57,45
SEATTLE BOEING FIELD WA US,20160123,48,44
SEATTLE BOEING FIELD WA US,20160124,51,38
SEATTLE BOEING FIELD WA US,20160125,54,35
SEATTLE BOEING FIELD WA US,20160126,56,46
SEATTLE BOEING FIELD WA US,20160127,57,48
SEATTLE BOEING FIELD WA US,20160128,56,46
SEATTLE BOEING FIELD WA US,20160129,52,44
SEATTLE BOEING FIELD WA US,20160130,48,39
SEATTLE BOEING FIELD WA US,20160131,47,36
SEATTLE BOEING FIELD WA US,20160201,46,37
SEATTLE BOEING FIELD WA US,20160202,51,35
SEATTLE BOEING FIELD WA US,20160203,49,39
SEATTLE BOEING FIELD WA US,20160204,49,45
SEATTLE BOEING FIELD WA US,20160205,53,40
SEATTLE BOEING FIELD WA US,20160206,49,35
SEATTLE BOEING FIELD WA US,20160207,51,35
SEATTLE BOEING FIELD WA US,20160208,57,37
SEATTLE BOEING FIELD WA US,20160209,62,37
SEATTLE BOEING FIELD WA US,20160210,56,43
SEATTLE BOEING FIELD WA US,20160211,55,42
SEATTLE BOEING FIELD WA US,20160212,58,48
SEATTLE BOEING FIELD WA US,20160215,55,51
SEATTLE BOEING FIELD WA US,20160216,56,50
SEATTLE BOEING FIELD WA US,20160217,57,48
SEATTLE BOEING FIELD WA US,20160218,53,45
SEATTLE BOEING FIELD WA US,20160219,51,41
SEATTLE BOEING FIELD WA US,20160220,53,37
SEATTLE BOEING FIELD WA US,20160221,51,33
SEATTLE BOEING FIELD WA US,20160222,51,38
SEATTLE BOEING FIELD WA US,20160223,60,36
SEATTLE BOEING FIELD WA US,20160224,59,47
SEATTLE BOEING FIELD WA US,20160225,61,39
SEATTLE BOEING FIELD WA US,20160226,60,42
SEATTLE BOEING FIELD WA US,20160227,57,45
SEATTLE BOEING FIELD WA US,20160228,53,43
SEATTLE BOEING FIELD WA US,20160229,54,44
SEATTLE BOEING FIELD WA US,20160301,58,44
SEATTLE BOEING FIELD WA US,20160302,55,46
SEATTLE BOEING FIELD WA US,20160303,59,46
SEATTLE BOEING FIELD WA US,20160304,57,38
SEATTLE BOEING FIELD WA US,20160305,64,49
SEATTLE BOEING FIELD WA US,20160306,60,45
SEATTLE BOEING FIELD WA US,20160307,53,40
SEATTLE BOEING FIELD WA US,20160308,54,39
SEATTLE BOEING FIELD WA US,20160309,55,43
SEATTLE BOEING FIELD WA US,20160310,56,39
SEATTLE BOEING FIELD WA US,20160311,55,35
SEATTLE BOEING FIELD WA US,20160312,52,40
SEATTLE BOEING FIELD WA US,20160313,54,41
SEATTLE BOEING FIELD WA US,20160314,49,41
SEATTLE BOEING FIELD WA US,20160315,51,40
SEATTLE BOEING FIELD WA US,20160316,53,40
SEATTLE BOEING FIELD WA US,20160317,58,37
SEATTLE BOEING FIELD WA US,20160318,63,41
SEATTLE BOEING FIELD WA US,20160319,61,46
SEATTLE BOEING FIELD WA US,20160320,55,49
SEATTLE BOEING FIELD WA US,20160321,56,47
SEATTLE BOEING FIELD WA US,20160322,57,44
SEATTLE BOEING FIELD WA US,20160323,53,47
SEATTLE BOEING FIELD WA US,20160324,54,44
SEATTLE BOEING FIELD WA US,20160325,57,43
SEATTLE BOEING FIELD WA US,20160326,59,41
SEATTLE BOEING FIELD WA US,20160327,51,39
SEATTLE BOEING FIELD WA US,20160328,56,37
SEATTLE BOEING FIELD WA US,20160329,64,37
SEATTLE BOEING FIELD WA US,20160330,68,40
SEATTLE BOEING FIELD WA US,20160331,73,43
SEATTLE BOEING FIELD WA US,20160401,71,47
SEATTLE BOEING FIELD WA US,20160402,63,48
SEATTLE BOEING FIELD WA US,20160403,69,45
SEATTLE BOEING FIELD WA US,20160404,60,46
SEATTLE BOEING FIELD WA US,20160405,57,46
SEATTLE BOEING FIELD WA US,20160406,68,43
SEATTLE BOEING FIELD WA US,20160407,77,51
SEATTLE BOEING FIELD WA US,20160408,76,50
SEATTLE BOEING FIELD WA US,20160409,66,47
SEATTLE BOEING FIELD WA US,20160410,59,48
SEATTLE BOEING FIELD WA US,20160411,58,50
SEATTLE BOEING FIELD WA US,20160412,60,46
SEATTLE BOEING FIELD WA US,20160413,59,45
SEATTLE BOEING FIELD WA US,20160414,59,44
SEATTLE BOEING FIELD WA US,20160415,60,47
SEATTLE BOEING FIELD WA US,20160416,68,43
SEATTLE BOEING FIELD WA US,20160417,77,49
SEATTLE BOEING FIELD WA US,20160418,89,52
SEATTLE BOEING FIELD WA US,20160419,81,53
SEATTLE BOEING FIELD WA US,20160420,81,55
SEATTLE BOEING FIELD WA US,20160421,73,52
SEATTLE BOEING FIELD WA US,20160422,64,54
SEATTLE BOEING FIELD WA US,20160423,65,53
SEATTLE BOEING FIELD WA US,20160424,55,46
SEATTLE BOEING FIELD WA US,20160425,59,44
SEATTLE BOEING FIELD WA US,20160426,60,43
SEATTLE BOEING FIELD WA US,20160427,61,50
SEATTLE BOEING FIELD WA US,20160428,64,52
SEATTLE BOEING FIELD WA US,20160429,61,50
SEATTLE BOEING FIELD WA US,20160430,68,45
SEATTLE BOEING FIELD WA US,20160501,77,50
SEATTLE BOEING FIELD WA US,20160502,87,53
SEATTLE BOEING FIELD WA US,20160503,74,57
SEATTLE BOEING FIELD WA US,20160504,60,54
SEATTLE BOEING FIELD WA US,20160505,68,52
SEATTLE BOEING FIELD WA US,20160506,77,62
SEATTLE BOEING FIELD WA US,20160507,82,53
SEATTLE BOEING FIELD WA US,20160508,63,48
SEATTLE BOEING FIELD WA US,20160509,67,47
SEATTLE BOEING FIELD WA US,20160510,75,46
SEATTLE BOEING FIELD WA US,20160511,81,50
SEATTLE BOEING FIELD WA US,20160512,77,51
SEATTLE BOEING FIELD WA US,20160513,82,54
SEATTLE BOEING FIELD WA US,20160514,65,54
SEATTLE BOEING FIELD WA US,20160515,57,54
SEATTLE BOEING FIELD WA US,20160516,60,52
SEATTLE BOEING FIELD WA US,20160517,71,53
SEATTLE BOEING FIELD WA US,20160518,64,52
SEATTLE BOEING FIELD WA US,20160519,63,49
SEATTLE BOEING FIELD WA US,20160520,66,51
SEATTLE BOEING FIELD WA US,20160521,59,52
SEATTLE BOEING FIELD WA US,20160522,66,53
SEATTLE BOEING FIELD WA US,20160523,65,53
SEATTLE BOEING FIELD WA US,20160524,66,57
SEATTLE BOEING FIELD WA US,20160525,66,54
SEATTLE BOEING FIELD WA US,20160526,65,53
SEATTLE BOEING FIELD WA US,20160527,64,50
SEATTLE BOEING FIELD WA US,20160528,64,50
SEATTLE BOEING FIELD WA US,20160529,64,52
SEATTLE BOEING FIELD WA US,20160530,71,49
SEATTLE BOEING FIELD WA US,20160531,79,54
SEATTLE BOEING FIELD WA US,20160601,75,59
SEATTLE BOEING FIELD WA US,20160602,71,59
SEATTLE BOEING FIELD WA US,20160603,80,57
SEATTLE BOEING FIELD WA US,20160604,81,63
SEATTLE BOEING FIELD WA US,20160605,92,65
SEATTLE BOEING FIELD WA US,20160606,86,65
SEATTLE BOEING FIELD WA US,20160607,85,59
SEATTLE BOEING FIELD WA US,20160608,67,56
SEATTLE BOEING FIELD WA US,20160609,65,54
SEATTLE BOEING FIELD WA US,20160610,67,51
SEATTLE BOEING FIELD WA US,20160611,65,52
SEATTLE BOEING FIELD WA US,20160612,70,56
SEATTLE BOEING FIELD WA US,20160613,66,52
SEATTLE BOEING FIELD WA US,20160614,60,48
SEATTLE BOEING FIELD WA US,20160615,67,45
SEATTLE BOEING FIELD WA US,20160616,71,53
SEATTLE BOEING FIELD WA US,20160617,67,53
SEATTLE BOEING FIELD WA US,20160618,65,51
SEATTLE BOEING FIELD WA US,20160619,70,47
SEATTLE BOEING FIELD WA US,20160620,76,57
SEATTLE BOEING FIELD WA US,20160621,73,56
SEATTLE BOEING FIELD WA US,20160622,75,56
SEATTLE BOEING FIELD WA US,20160623,68,55
SEATTLE BOEING FIELD WA US,20160624,69,53
SEATTLE BOEING FIELD WA US,20160625,71,57
SEATTLE BOEING FIELD WA US,20160626,78,56
SEATTLE BOEING FIELD WA US,20160627,85,61
SEATTLE BOEING FIELD WA US,20160628,79,56
SEATTLE BOEING FIELD WA US,20160629,74,57
SEATTLE BOEING FIELD WA US,20160630,73,57
SEATTLE BOEING FIELD WA US,20160701,76,57
SEATTLE BOEING FIELD WA US,20160702,76,58
SEATTLE BOEING FIELD WA US,20160703,71,58
SEATTLE BOEING FIELD WA US,20160704,68,58
SEATTLE BOEING FIELD WA US,20160705,69,57
SEATTLE BOEING FIELD WA US,20160706,76,58
SEATTLE BOEING FIELD WA US,20160707,68,60
SEATTLE BOEING FIELD WA US,20160708,74,59
SEATTLE BOEING FIELD WA US,20160709,71,58
SEATTLE BOEING FIELD WA US,20160710,74,59
SEATTLE BOEING FIELD WA US,20160711,74,58
SEATTLE BOEING FIELD WA US,20160712,77,60
SEATTLE BOEING FIELD WA US,20160713,75,58
SEATTLE BOEING FIELD WA US,20160714,77,58
SEATTLE BOEING FIELD WA US,20160715,76,57
SEATTLE BOEING FIELD WA US,20160716,72,59
SEATTLE BOEING FIELD WA US,20160717,80,60
SEATTLE BOEING FIELD WA US,20160718,73,62
SEATTLE BOEING FIELD WA US,20160719,78,61
SEATTLE BOEING FIELD WA US,20160720,82,62
SEATTLE BOEING FIELD WA US,20160721,81,61
SEATTLE BOEING FIELD WA US,20160722,71,61
SEATTLE BOEING FIELD WA US,20160723,75,59
SEATTLE BOEING FIELD WA US,20160724,80,58
SEATTLE BOEING FIELD WA US,20160725,85,60
SEATTLE BOEING FIELD WA US,20160726,79,60
SEATTLE BOEING FIELD WA US,20160727,83,59
SEATTLE BOEING FIELD WA US,20160728,85,62
SEATTLE BOEING FIELD WA US,20160729,88,64
SEATTLE BOEING FIELD WA US,20160730,76,58
SEATTLE BOEING FIELD WA US,20160731,73,57
SEATTLE BOEING FIELD WA US,20160801,77,54
SEATTLE BOEING FIELD WA US,20160802,73,58
SEATTLE BOEING FIELD WA US,20160803,75,60
SEATTLE BOEING FIELD WA US,20160804,80,58
SEATTLE BOEING FIELD WA US,20160805,79,59
SEATTLE BOEING FIELD WA US,20160806,72,55
SEATTLE BOEING FIELD WA US,20160807,72,59
SEATTLE BOEING FIELD WA US,20160808,73,58
SEATTLE BOEING FIELD WA US,20160809,72,60
SEATTLE BOEING FIELD WA US,20160810,76,60
SEATTLE BOEING FIELD WA US,20160811,80,60
SEATTLE BOEING FIELD WA US,20160812,87,62
SEATTLE BOEING FIELD WA US,20160813,90,65
SEATTLE BOEING FIELD WA US,20160814,83,60
SEATTLE BOEING FIELD WA US,20160815,84,61
SEATTLE BOEING FIELD WA US,20160816,81,58
SEATTLE BOEING FIELD WA US,20160823,79,54
SEATTLE BOEING FIELD WA US,20160828,75,59
SEATTLE BOEING FIELD WA US,20160830,70,57
SEATTLE BOEING FIELD WA US,20160903,67,55
SEATTLE BOEING FIELD WA US,20160904,68,53
SEATTLE BOEING FIELD WA US,20160905,68,55
SEATTLE BOEING FIELD WA US,20160906,68,55
SEATTLE BOEING FIELD WA US,20160907,67,57
SEATTLE BOEING FIELD WA US,20160908,72,57
SEATTLE BOEING FIELD WA US,20160909,74,49
SEATTLE BOEING FIELD WA US,20160910,77,53
SEATTLE BOEING FIELD WA US,20160911,70,57
SEATTLE BOEING FIELD WA US,20160912,74,55
SEATTLE BOEING FIELD WA US,20160913,75,52
SEATTLE BOEING FIELD WA US,20160914,79,50
SEATTLE BOEING FIELD WA US,20160915,71,53
SEATTLE BOEING FIELD WA US,20160916,75,51
SEATTLE BOEING FIELD WA US,20160917,68,58
SEATTLE BOEING FIELD WA US,20160918,69,53
SEATTLE BOEING FIELD WA US,20160919,71,54
SEATTLE BOEING FIELD WA US,20160920,67,49
SEATTLE BOEING FIELD WA US,20160921,68,51
SEATTLE BOEING FIELD WA US,20160922,67,32
SEATTLE BOEING FIELD WA US,20160923,64,53
SEATTLE BOEING FIELD WA US,20160924,67,56
SEATTLE BOEING FIELD WA US,20160925,76,59
SEATTLE BOEING FIELD WA US,20160926,77,57
SEATTLE BOEING FIELD WA US,20160927,69,57
SEATTLE BOEING FIELD WA US,20160928,68,54
SEATTLE BOEING FIELD WA US,20160929,66,50
SEATTLE BOEING FIELD WA US,20160930,67,46
SEATTLE BOEING FIELD WA US,20161001,63,50
SEATTLE BOEING FIELD WA US,20161002,65,49
SEATTLE BOEING FIELD WA US,20161003,61,51
SEATTLE BOEING FIELD WA US,20161004,63,53
SEATTLE BOEING FIELD WA US,20161005,66,52
SEATTLE BOEING FIELD WA US,20161006,63,54
SEATTLE BOEING FIELD WA US,20161007,64,55
SEATTLE BOEING FIELD WA US,20161008,68,53
SEATTLE BOEING FIELD WA US,20161009,57,50
SEATTLE BOEING FIELD WA US,20161010,60,45
SEATTLE BOEING FIELD WA US,20161011,62,44
SEATTLE BOEING FIELD WA US,20161012,66,38
SEATTLE BOEING FIELD WA US,20161013,60,52
SEATTLE BOEING FIELD WA US,20161014,60,51
SEATTLE BOEING FIELD WA US,20161015,62,50
SEATTLE BOEING FIELD WA US,20161016,60,51
SEATTLE BOEING FIELD WA US,20161017,60,51
SEATTLE BOEING FIELD WA US,20161018,61,47
SEATTLE BOEING FIELD WA US,20161019,58,43
SEATTLE BOEING FIELD WA US,20161020,62,48
SEATTLE BOEING FIELD WA US,20161021,59,48
SEATTLE BOEING FIELD WA US,20161022,62,44
SEATTLE BOEING FIELD WA US,20161023,62,49
SEATTLE BOEING FIELD WA US,20161024,61,49
SEATTLE BOEING FIELD WA US,20161025,65,47
SEATTLE BOEING FIELD WA US,20161026,58,52
SEATTLE BOEING FIELD WA US,20161027,60,51
SEATTLE BOEING FIELD WA US,20161028,65,50
SEATTLE BOEING FIELD WA US,20161029,117,47
SEATTLE BOEING FIELD WA US,20161031,59,49
SEATTLE BOEING FIELD WA US,20161101,57,49
SEATTLE BOEING FIELD WA US,20161102,57,50
SEATTLE BOEING FIELD WA US,20161103,65,45
SEATTLE BOEING FIELD WA US,20161104,65,42
SEATTLE BOEING FIELD WA US,20161105,58,52
SEATTLE BOEING FIELD WA US,20161106,61,49
SEATTLE BOEING FIELD WA US,20161107,63,50
SEATTLE BOEING FIELD WA US,20161108,71,48
SEATTLE BOEING FIELD WA US,20161109,65,51
SEATTLE BOEING FIELD WA US,20161110,64,47
SEATTLE BOEING FIELD WA US,20161111,63,51
SEATTLE BOEING FIELD WA US,20161112,59,48
SEATTLE BOEING FIELD WA US,20161113,55,46
SEATTLE BOEING FIELD WA US,20161114,57,50
SEATTLE BOEING FIELD WA US,20161115,55,47
SEATTLE BOEING FIELD WA US,20161116,50,44
SEATTLE BOEING FIELD WA US,20161117,52,38
SEATTLE BOEING FIELD WA US,20161118,55,35
SEATTLE BOEING FIELD WA US,20161119,57,47
SEATTLE BOEING FIELD WA US,20161120,55,46
SEATTLE BOEING FIELD WA US,20161121,54,43
SEATTLE BOEING FIELD WA US,20161122,54,40
SEATTLE BOEING FIELD WA US,20161123,49,43
SEATTLE BOEING FIELD WA US,20161124,52,46
SEATTLE BOEING FIELD WA US,20161125,52,39
SEATTLE BOEING FIELD WA US,20161126,53,44
SEATTLE BOEING FIELD WA US,20161127,48,43
SEATTLE BOEING FIELD WA US,20161128,52,37
SEATTLE BOEING FIELD WA US,20161129,52,42
SEATTLE BOEING FIELD WA US,20161130,52,42
SEATTLE BOEING FIELD WA US,20161201,46,38
SEATTLE BOEING FIELD WA US,20161202,50,44
SEATTLE BOEING FIELD WA US,20161203,49,42
SEATTLE BOEING FIELD WA US,20161204,46,35
SEATTLE BOEING FIELD WA US,20161205,40,32
SEATTLE BOEING FIELD WA US,20161206,42,31
SEATTLE BOEING FIELD WA US,20161207,40,27
SEATTLE BOEING FIELD WA US,20161208,41,31
SEATTLE BOEING FIELD WA US,20161209,36,31
SEATTLE BOEING FIELD WA US,20161210,44,34
SEATTLE BOEING FIELD WA US,20161211,44,40
SEATTLE BOEING FIELD WA US,20161212,43,38
SEATTLE BOEING FIELD WA US,20161213,40,33
SEATTLE BOEING FIELD WA US,20161214,39,32
SEATTLE BOEING FIELD WA US,20161215,39,34
SEATTLE BOEING FIELD WA US,20161216,35,23
SEATTLE BOEING FIELD WA US,20161217,35,21
SEATTLE BOEING FIELD WA US,20161218,39,27
SEATTLE BOEING FIELD WA US,20161219,46,36
SEATTLE BOEING FIELD WA US,20161220,51,37
SEATTLE BOEING FIELD WA US,20161221,49,34
SEATTLE BOEING FIELD WA US,20161222,45,34
SEATTLE BOEING FIELD WA US,20161223,40,36
SEATTLE BOEING FIELD WA US,20161224,41,35
SEATTLE BOEING FIELD WA US,20161225,42,32
SEATTLE BOEING FIELD WA US,20161226,42,33
SEATTLE BOEING FIELD WA US,20161227,47,41
SEATTLE BOEING FIELD WA US,20161228,48,37
SEATTLE BOEING FIELD WA US,20161229,48,39
SEATTLE BOEING FIELD WA US,20161230,57,31
SEATTLE BOEING FIELD WA US,20161231,40,31